"class","mean","value","mean_change"
"Blood borne and sexually transmitted diseases",1752323.81482567,1718782,-0.0191413336632674
"Intestinal infectious diseases",6672284.71770561,2278772,-0.658472008253329
"Natural focal disease",68566.4871093011,65523,-0.0443873856983437
"Respiratory infectious disease",1561027.6427754,1371281,-0.121552391242762
