"class","mean","value","mean_change"
"Blood borne and sexually transmitted diseases",7177479.41603017,6228830,-0.132170273301162
"Intestinal infectious diseases",10616627.7937456,6503350,-0.387437317541526
"Natural focal disease",396496.167705541,234900,-0.40756047817731
"Respiratory infectious disease",4339211.4923617,2861141,-0.340631125024338
